code,first_Name,last_Name,gender,country_code,disciplines
1917365,Warren Adam,LAWRENCE,Male,DMA,Swimming
1909438,Adam,TELEGDY,Male,HUN,Swimming
1908375,Rachel,FATTAL,Female,USA,Water Polo
1954602,Maria,PATRA,Female,GRE,Water Polo
4682686,Noelie Annette,LACOUR,Female,GAB,Swimming
1956426,Milos,CUK,Male,SRB,Water Polo
4979790,Steven,INSIXIENGMAY,Male,LAO,Swimming
1975948,Duana,LAMA,Female,NEP,Swimming
1941321,Boglarka,NESZMELY,Female,HUN,Water Polo
1955943,Margo,KUO,Female,AUS,Artistic Swimming
1945222,Yaqi,KONG,Female,CHN,Swimming
1909285,Guillaume,GUTH,Male,FRA,Swimming
1557964,Brisa,HENNESSY,Female,CRC,Surfing
1967158,Patrick,HUSSEY,Male,CAN,Swimming
1916729,Yolanda,HOPKINS,Female,POR,Surfing
1925653,Francesco, FULVIO,Male,ITA,Water Polo
1977618,Lois Eliora,IRISHURA,Female,BDI,Swimming
1909299,Yohann,BROUARD,Male,FRA,Swimming
1954192,Brandon,LOSCHIAVO,Male,USA,Diving
1949727,Aleksas,SAVICKAS,Male,LTU,Swimming
1935901,Nic,FINK,Male,USA,Swimming
2280513,Jere,HRIBAR,Male,CRO,Swimming
1555512,Kristel,KOBRICH,Female,CHI,Swimming
4978246,Isabella,MILLAR,Female,SOL,Swimming
1945230,Yujie,CHENG,Female,CHN,Swimming
1537209,Agostina,HEIN,Female,ARG,Swimming
1925668,Sara,FRANCESCHI,Female,ITA,Swimming
1888365,Farida,ABDELBARY,Female,EGY,Artistic Swimming
1925814,Claudia Roberta,MARLETTA,Female,ITA,Water Polo
1955940,Georgia,GARDINER,Female,AUS,Artistic Swimming
1568446,Aljosa,MACIC,Male,MNE,Water Polo
1897468,Anna,PYSMENSKA,Female,UKR,Diving
1956919,Mashael Meshari A,ALAYED,Female,KSA,Swimming
1909243,Lison,NOWACZYK,Female,FRA,Swimming
1901612,Sunwoo,HWANG,Male,KOR,Swimming
1954662,Nikolaos,GKILLAS,Male,GRE,Water Polo
1893076,Julie Ke,JENSEN,Female,DEN,Swimming
1925665,Nicholas,PRESCIUTTI,Male,ITA,Water Polo
1908304,Rhanishka,GIBBS,Female,BAH,Swimming
1891719,Mashiro,YASUNAGA,Female,JPN,Artistic Swimming
1943045,Calista,LIU,Female,USA,Artistic Swimming
1906434,Mehdi,MARZOUKI,Male,FRA,Water Polo
1538153,Anastasiya,SHKURDAI,Female,AIN,Swimming
1568289,Dejan,LAZOVIC,Male,MNE,Water Polo
1968005,Alexander,SHAH,Male,NEP,Swimming
1946159,Bronte,CAMPBELL,Female,AUS,Swimming
1949934,Maria Victoria,SCHUTZMEIER,Female,NCA,Swimming
1945166,Xuwei,PENG,Female,CHN,Swimming
1925686,Filippo,MEGLI,Male,ITA,Swimming
1901694,Haram,WOO,Male,KOR,Diving
1909311,Mewen,TOMAC,Male,FRA,Swimming
1902493,Alexis,JANDARD,Male,FRA,Diving
1947504,Blake,EDWARDS,Male,AUS,Water Polo
1560138,Sol,AGUIRRE,Female,PER,Surfing
1925121,Ian Yentou,HO,Male,HKG,Swimming
1908609,Salima,AHMADOU YOUSSOUFOU,Female,NIG,Swimming
1565161,Lena,KREUNDL,Female,AUT,Swimming
1968857,Brigitte,SLEEKING,Female,NED,Water Polo
1947546,Zoe,ARANCINI,Female,AUS,Water Polo
1972514,Else,PRAASTERINK,Female,NED,Diving
1565166,Bernhard,REITSHAMMER,Male,AUT,Swimming
1942736,Vanda,VALYI,Female,HUN,Water Polo
1941141,Dora,LEIMETER,Female,HUN,Water Polo
1968215,Kyle,ABEYSINGHE,Male,SRI,Swimming
1915769,Luka,BUKIC,Male,CRO,Water Polo
1918140,Josh,KIRLEW,Male,JAM,Swimming
1972523,Maaike, WAARD,Female,NED,Swimming
1563424,Imane Houda,EL BARODI,Female,MAR,Swimming
1972543,Sean,NIEWOLD,Male,NED,Swimming
1900847,Kyle,KOTHARI,Male,GBR,Diving
1893067,Elisabeth Sabroe,EBBESEN,Female,DEN,Swimming
1542385,Yusuf Marwan Abdullah,NASSER,Male,YEM,Swimming
1946132,Molly,PICKLUM,Female,AUS,Surfing
1954371,Maria Fernanda,COSTA,Female,BRA,Swimming
1901545,Hongchan,QUAN,Female,CHN,Diving
1939996,Laticia-Leigh,TRANSOM,Female,NZL,Swimming
1954879,Martin,FAMERA,Male,ESP,Water Polo
1946201,Lani,PALLISTER,Female,AUS,Swimming
1956886,Zaid Faisal M,ALSARRAJ,Male,KSA,Swimming
1976455,Thierry,BOLLIN,Male,SUI,Swimming
1536997,Freddy,MAYALA,Male,CGO,Swimming
1954841,Ferran,JULIA TOUS,Male,ESP,Swimming
1907175,Laura,RIEDEMANN,Female,GER,Swimming
1541599,Jolanio,GUTERRES,Male,TLS,Swimming
1954614,Stylianos,ARGYROPOULOS KANAKAKIS,Male,GRE,Water Polo
1888861,Hana,HIEKAL,Female,EGY,Artistic Swimming
1543303,Max, CUSKER,Male,IRL,Swimming
1956434,Radoslav,FILIPOVIC,Male,SRB,Water Polo
1954343,Guilherme,SANTOS,Male,BRA,Swimming
1962582,Rebecca,MEDER,Female,RSA,Swimming
1565171,Eirini-Marina,ALEXANDRI,Female,AUT,Artistic Swimming
1568430,Ana,NIZHARADZE,Female,GEO,Swimming
1959136,Kate,MILLER,Female,CAN,Diving
1888980,Nadine,BARSOUM,Female,EGY,Artistic Swimming
1916406,Daniel,RESTREPO GARCIA,Male,COL,Diving
1908350,Alex,BOWEN,Male,USA,Water Polo
1926078,Mia,PHIRI,Female,ZAM,Swimming
1925638,Benedetta,PILATO,Female,ITA,Swimming
1906412,Emil,BJORCH,Male,FRA,Water Polo
1897309,Anastasia,GORBENKO,Female,ISR,Swimming
1905284,Henrique,MASCARENHAS,Male,ANG,Swimming
1909314,Antoine,VIQUERAT,Male,FRA,Swimming
1901539,Yani,CHANG,Female,CHN,Diving
1925644,Giovanni,TOCCI,Male,ITA,Diving
1955948,Raphaelle,GAUTHIER,Female,AUS,Artistic Swimming
1535914,Bertrand Rhodict,ANAK LISES,Male,MAS,Diving
1903540,Alexander,COHOON,Male,GBR,Swimming
1902960,Adam,JASZO,Male,HUN,Swimming
1891652,Katsuhiro,MATSUMOTO,Male,JPN,Swimming
1946212,Meg,HARRIS,Female,AUS,Swimming
1968860,Maartje,KEUNING,Female,NED,Water Polo
4670929,Apsara Katarina,SAKBUN,Female,CAM,Swimming
1879462,Adela,PISKORSKA,Female,POL,Swimming
1543884,Tayamika,CHANGANAMUNO,Female,MAW,Swimming
1977782,Noe,PONTI,Male,SUI,Swimming
1908381,Amanda,LONGAN,Female,USA,Water Polo
1891648,Naoki,MIZUNUMA,Male,JPN,Swimming
1962670,Oumy,DIOP,Female,SEN,Swimming
1980116,Jin Mi,JO,Female,PRK,Diving
1925667,Alessandro,VELOTTO,Male,ITA,Water Polo
1941119,Rita,KESZTHELYI,Female,HUN,Water Polo
1906443,Pierre-Frederic,VANPEPERSTRAETE,Male,FRA,Water Polo
1925637,Alberto,RAZZETTI,Male,ITA,Swimming
1538124,Alina,ZMUSHKA,Female,AIN,Swimming
1954791,Adrian,ABADIA,Male,ESP,Diving
1903759,Anastasia,BAYANDINA,Female,FRA,Artistic Swimming
1908359,Drew,HOLLAND,Male,USA,Water Polo
1928902,Snaefridur Sol,JORUNNARDOTTIR,Female,ISL,Swimming
1955942,Kiera,GAZZARD,Female,AUS,Artistic Swimming
1944014,Victoria,GARZA,Female,DOM,Diving
1945149,Changhao,WANG,Male,CHN,Swimming
1897751,Nina,BROWN,Female,NZL,Artistic Swimming
1541460,Andrea,BECALI,Female,CUB,Swimming
1537191,Celia,PULIDO ORTIZ,Female,MEX,Swimming
1972527,Tessa,GIELE,Female,NED,Swimming
1956444,Dusan,MANDIC,Male,SRB,Water Polo
1977717,Nils,LIESS,Male,SUI,Swimming
1972549,Kenzo,SIMONS,Male,NED,Swimming
1879483,Piotr,LUDWICZAK,Male,POL,Swimming
1572556,Bjoern,SEELIGER,Male,SWE,Swimming
1954798,Nicolas,GARCIA BOISSIER,Male,ESP,Diving
1891710,Mitsuru,TAKATA,Male,JPN,Water Polo
1891713,Ayano,SHIMADA,Female,JPN,Artistic Swimming
1572548,Sophie,HANSSON,Female,SWE,Swimming
1980115,Mi Rae,KIM,Female,PRK,Diving
1909315,W. Amazigh,YEBBA,Male,FRA,Swimming
1947498,Alice,WILLIAMS,Female,AUS,Water Polo
1909318,Ida,HULKKO,Female,FIN,Swimming
1981502,Saso,BOSKAN,Male,SLO,Swimming
1925693,Riccardo,GIOVANNINI,Male,ITA,Diving
1905185,Lia,LIMA,Female,ANG,Swimming
1980119,Yong Myong,IM,Male,PRK,Diving
1909041,Zalan,SARKANY,Male,HUN,Swimming
1925636,Alessandro,MIRESSI,Male,ITA,Swimming
1940414,Maddison,KEENEY,Female,AUS,Diving
1946236,William Campbell,PETRIC,Male,AUS,Swimming
1902491,Jules,BOUYER,Male,FRA,Diving
1972528,Silke,HOLKENBORG,Female,NED,Swimming
4031141,Regan,RATHWELL,Female,CAN,Swimming
1909158,Eszter,FELTOTHY,Female,HUN,Swimming
1907207,Lars,RUDIGER,Male,GER,Diving
1935929,Chase,KALISZ,Male,USA,Swimming
1535854,En Yi Letitia,SIM,Female,SGP,Swimming
1909253,Lucile,TESSARIOL,Female,FRA,Swimming
1903762,Ambre,ESNAULT,Female,FRA,Artistic Swimming
4654577,Jion,HOSEI,Male,PLW,Swimming
1935138,Gloria Anna,MUZITO,Female,UGA,Swimming
1965697,Bernhard Tyler,CHRISTIANSON,Male,PAN,Swimming
1967138,Yuri,KISIL,Male,CAN,Swimming
1947531,Milos,MAKSIMOVIC,Male,AUS,Water Polo
1954866,Africa,ZAMORANO SANZ,Female,ESP,Swimming
1967389,Axelle,CREVIER,Female,CAN,Water Polo
4685648,Hadji,HASSANE,Male,COM,Swimming
1906396,Louise,GUILLET,Female,FRA,Water Polo
1946128,Ethan,EWING,Male,AUS,Surfing
1942541,Natasa,RYBANSKA,Female,HUN,Water Polo
1916728,Teresa,BONVALOT,Female,POR,Surfing
1895507,Lucas,HENVEAUX,Male,BEL,Swimming
1946185,Zac,COOK,Male,AUS,Swimming
1891702,Kiyomu,DATE,Male,JPN,Water Polo
1903557,Anna,HOPKIN,Female,GBR,Swimming
1565173,Anton,KNOLL,Male,AUT,Diving
1563079,Kaltra,MECA,Female,ALB,Swimming
1568434,Jovan,VUJOVIC,Male,MNE,Water Polo
1963635,Tomoyuki,MATSUSHITA,Male,JPN,Swimming
1954819,Blanca,TOLEDANO LAUT,Female,ESP,Artistic Swimming
1903552,James,GUY,Male,GBR,Swimming
1967144,Lorne,WIGGINTON,Male,CAN,Swimming
1887964,Berke,SAKA,Male,TUR,Swimming
1879437,Robert,LUKASZEWICZ,Male,POL,Diving
1967086,Kelsey,WOG,Female,CAN,Swimming
1888113,Iman,KOURAOGO,Female,BUR,Swimming
1908978,Jehanara,NABI,Female,PAK,Swimming
1556227,Eduard,DRAGUSIN,Male,ROU,Water Polo
1903622,Katie,SHANAHAN,Female,GBR,Swimming
4352676,Kaelyn Ciara Suryanti,DJOPARTO,Female,SUR,Swimming
1954894,Pili,PENA,Female,ESP,Water Polo
1544208,Alejandro,SOLARTE,Male,COL,Diving
1901556,Yuan,CAO,Male,CHN,Diving
1955939,Rayna,BUCKLE,Female,AUS,Artistic Swimming
